{
  "source_html": "rock_environment.html",
  "plotly_shape": [
    100,
    200
  ],
  "plotly_bbox": {
    "x": [
      -2.499825231709914,
      2.6477115115638803
    ],
    "y": [
      0.0,
      2.7381227587397308
    ],
    "z": [
      0.0,
      2.0
    ]
  },
  "pybullet_axis_mapping": {
    "x": "plotly_z",
    "y": "plotly_x",
    "z": "plotly_y"
  },
  "design": {
    "outer_width": 10.0,
    "outer_height": 5.0,
    "excavated_length": 3.0,
    "total_length": 5.0,
    "solid_length": 2.0
  },
  "wall_mesh": {
    "vertex_count": 20000,
    "face_count": 78804,
    "bbox_min": [
      0.0,
      -2.499825231709914,
      0.0
    ],
    "bbox_max": [
      3.0,
      2.6477115115638803,
      2.7381227587397308
    ]
  },
  "shell_mesh": {
    "vertex_count": 1836,
    "face_count": 1224,
    "bbox_min": [
      0.0,
      -4.926056860073016,
      0.0
    ],
    "bbox_max": [
      5.0,
      5.073943139926984,
      5.0
    ]
  },
  "mesh": {
    "vertex_count": 21836,
    "face_count": 80028,
    "bbox_min": [
      0.0,
      -4.926056860073016,
      0.0
    ],
    "bbox_max": [
      5.0,
      5.073943139926984,
      5.0
    ]
  }
}
